level,name,duration,range,component,cast_time,desc,class
0,Blade Ward,1 action,Self,VS,1 round, You extend your hand and trace a sigil of warding in the air. Until the end of your next turnyou have resistance against bludgeoningpiercingand slashing damage dealt by weapon attacks.,Warlock
0,Chill Touch,1 action,120 feet,VS,1 round, You create a ghostlyskeletal hand in the space of a creature within range. Make a ranged spell attack against the creature to assail it with the chill of the grave. On a hitthe target takes 1d8 necrotic damageand it can't regain hit points until the start of your next turn. Until thenthe hand clings to the target. If you hit an undead targetit also has disadvantage on attack rolls against you until the end of your next turn. This spell's damage increases by 1d8 when you reach 5th level (2d8)11th level (3d8)and 17th level (4d8).,Warlock
0,Eldritch Blast,1 action,120 feet,VS,Instantaneous, A beam of crackling energy streaks toward a creature within range. Make a ranged spell attack against the target. On a hitthe target takes 1d10 force damage. The spell creates more than one beam when you reach higher levels: two beams at 5th levelthree beams at 11th leveland four beams at 17th level. you can direct the beams at the same target or at different ones. Make a separate attack roll for each beam.,Warlock
0,Friends,1 action,Self,SM ,Concentrationup to 1 minute,(a small amount of makeup applied to the face as this spell is cast) For the durationyou have advantage on all Charisma checks directed at one creature of your choice that isn't hostile toward you. When the spell endsthe creature realizes that you used magic to influence its mood and becomes hostile toward you. A creature prone to violence might attack you. Another creature might seek retribution in other ways (at the DM's discretion)depending on the nature of your interaction with it.,Warlock
0,Mage Hand,1 action,30 feet,VS,1 minute, A spectralfloatin hand appears at a point you choose within range. The hand lasts for the duration or until you dismiss it as an action. The hand vanishes if it is ever more than 30 feet away from you or if you cast this spell again. You can use your action to control the hand. You can use the hand to manipulate an objectopen an unlocked foor or containerstow or retrieve an item from an open containeror pour the contents out of a vial. You can move the hand up to 30 feet each time you use it. The hand can't attackactivate magical itemsor carry more than 10 pounds.,Warlock
0,Minor Illusion,1 action,30 feet,SM ,1 minute,(a bit of fleece) You create a sound or an image of an object within range that lasts for the duration. The illusion also ends if you dismiss it as an action or cast this spell again. If you create a soundits volume can range from a whisper to a scream. It can be your voicesomeone else's voicea lion's roara beating of drumsor any other sound you choose. The sound continues unabated throughout the durationor you can make discrete sounds at different times before the spell ends. If you create an image of an object?such as a chairmuddy footprintsor a small chest?it must be no larger than a 5-foot cube. The image can't create soundlightsmellor any other sensory effect. Physical interaction with the image reveals it to be an illusionbecause things can pass through it. If a creature uses its action to examine the sound or imagethe creature can determine that it is an illusion with a successful Intelligence (Investigation) check against your spell save DC. If a creature discerns the illusion for what it isthe illusion becomes faint to the creature.,Warlock
0,Poison Spray,1 action,10 feet,VS,Instantaneous, You extend your hand toward a creature you can see within range and project a puff of noxious gas from your palm. The creature must succeed on a Constitution saving throw or take 1d12 poison damage. This spell's damage increases by 1d12 when you reach 5th level (2d12)11th level (3d12)and 17th level (4d12).,Warlock
0,Prestidigitation,1 action,10 feet,VS,Up to 1 hour, This spell is a minor magical trick that novice spellcasters use for practice. You create one of the following magical effects within range:<br>- You create an instantaneousharmless sensory effectsuch as a shower of sparksa puff of windfaint musical notesor an odd odor.<br>- You instantaneously light or snuff out a candlea torchor a small campfire.<br>- You instantaneously clean or soil an object no larger than 1 cubic foot.<br>- You chillwarmor flavor up to 1 cubic foot of nonliving material for 1 hour.<br>- You make a colora small markor a symbol appear on an object or a surface for 1 hour.<br>- You create a nonmagical trinket or an illusory image that can fit in your hand and that lasts until the end of your next turn. If you cast this spell multiple timesyou can have up to three of its non-instantaneous effects active at a timeand you can dismiss such an effect as an action.,Warlock
0,True Strike,1 action,30 feet,S,Concentrationup to 1 round, You extend your hand and point a finger at a target in range. Your magic grants you a brief insight into the target's defenses. On your next turnyou gain advantage on your first attack roll against the targetprovided that this spell hasn't ended.,Warlock
1,Armor of Agathya,1 action,Self,VSM ,1 hour,(a cup of water)    A protective magical force surrounds youmanifesting as a spectral frost that covers you and your gear. You gain 5 temporary hit points for the duration. If a creature hits you with a melee attack while you have these hit pointsthe creature takes 5 cold damage. At Higher Levels. When you cast this spell using a spell slot of 2nd level or higherboth the temporary hit points and the cold damage increase by 5 for each slot level above 1st. ,Warlock
1,Arms of Hadar,1 action,Self (10-foot radius),VS,Instantaneous,    You invoke the power of Hadarthe Dark Hunger. Tendrils of dark energy erupt from you and batter all creatures within 10 feet of you. Each creature in that area must m ake a Strength saving throw. On a failed savea target takes 2d6 necrotic damage and can't take reactions until its next turn. On a successful savethe creature takes half damagebut suffers no other effect. At Higher Levels. When you cast this spell using a spell slot of 2nd level or higherthe damage increases by 1d6 for each slot level above 1st. ,Warlock
1,Charm Person,1 action,30 feet,VS,1 hour, You attempt to charm a humanoid you can see within range. It must make a Wisdom saving throwand does so with advantage if you or your companions are fighting it. If it fails the saving throwit is charmed by you until the spell ends or until you  or your companions do anything harmful to it.The charmed creature regards you as a friendly acquaintance. When the spell endsthe creature knows it was charmed by you. At Higher Levels. When you cast this spell using a spell slot of 2nd level or higheryou can target one additional creature for each slot level above 1st. The creatures must be within 30 feet of each other when you target them.,Warlock
1,Comprehend Languages (Ritual),1 action,Self,VSM ,1 hour,(a pinch of soot and salt) For the durationyou understand the literal meaning of any spoken language that you hear. You also understand any spoken language that you hear. You also understand any written language that you seebut you must be touching the surface of which the words are written. It takes about 1 minute to read one page of text.  This spell doesn't decode secret messages in a text or glyphsuch as an arcane sigilthat isn't part of a written language. ,Warlock
1,Expeditious Retreat,1 bonus action,Self,VS,Concentrationup to 10 minutes, This spell allows you to move at an incredible pace. When you cast this spelland then as a bonus action on each of your turns until the spell endsyou can take the Dash action.,Warlock
1,Hellish Rebuke,1 reaction,60 feet,VS,Instantaneous, Reaction: you are being damaged by a creature within 60 feet of you that you can see You point your fingerand the creature that damaged you is momentarily surrounded by hellish flames. The creature must make a Dexterity saving throw. It takes 2d10 fire damage on a failed saveor half as much damage on a successful one. At Higher Levels. When you cast this spell using a spell slot of 2nd level or higherthe damage increases by 1d10 for each slot level above 1st.,Warlock
1,Hex,1 bonus action,90 feet,VSM ,Concentrationup to 1 hour,(the petrified eye of a newt) You place a curse on a creature that you can see within range. Until the spell endsyou deal an extra 1d6 necrotic damage to the target whenever you hit it with an attack. Alsochoose one ability when yo ucast the spell. The target has disadvantage on ability checks made with the chosen ability. If the target drops to 0 hit points before this spel endsyou can use a bonus action on a subsequent turn of yours to curse a new creature. A remove curse cast on the target ends this spell early. At Higher Levels. When you cast this spell using a spell slot of 3rd or 4th levelyou can maintain your concentration on the spell for up to 8 hours. When you use a spell slot of 5th level or higheryou can maintain your concentration on the spell for up to 24 hours.,Warlock
1,Illusory Script (Ritual),1 minute,Touch,SM ,10 days,(a lead-based ink worth at least 10 gpwhich the spell consumes) You write on parchmentpaperor some other suitable writing material and imbue it with a potent illusion that lasts for the duration. To you and any creatures you designate when you cast the spellthe writing appears normalwritten in your handand conveys whatever meaning you intended when you wrote the text. To all othersthe writing appears as if it were written in an unknown or magical script that is unintelligible. Alternativelyyou can cause the writing to appear to be an entirely different messagewritten in a different hand and languagethough the language must be one you know. Should the spell be dispelledthe original script and the illusion both disappear. A creature with truesight can read the hidden message.,Warlock
1,Protection from Evil and Good,1 action,Touch,VSM ,Concentrationup to 10 minutes,(holy water or powdered silver and ironwhich the spell consumes) Until the spell endsone willing creature you touch is protected against certain types of creatures: aberrationscelestialselementalsfeyfiendsand undead. The protection grants several benefits. Creatures of those types have disadvantage on attack rolls against the target. The target also can't be charmedfrightenedor possessed by them. If the target is already charmedfrightenedor possessed by such a creaturethe target has advantage on any new saving throw against the relevant effect.,Warlock
1,Unseen Servant (Ritual),1 action,60 feet,VSM ,1 hour,(a piece of string and a bit of wood) This spell creates an invisiblemindlessshapeless force that performs simple tasks at your command until the spell ends. The servant springs into existence in an unoccupied space on the ground within range. It has AC 101 hit pointand a Strength of 2and it can't attack. If it drops to 0 hit pointsthe spell ends. Once on each of your turns as a bonus actionyou can mentally command the servant to move up to 15 feet and inteact with an object. The servant can perform simple tasks that a human servant could dosuch as fetching thingscleaningmendingfolding clotheslighting firesserving foodand pouring wine. Once yougive the commandthe servant performs the task to the best of its ability until it completes the taskthen waits for your next command. If you command the servant to perform a task that would move it more than 60 feet away from youthe spell ends.,Warlock
1,Witch Bolt,1 action,30 feet,VSM ,Concentrationup to 1 minute,(a twig from a tree that has been struck by lightning) A beam of cracklingblue energy lances out toward a creature within rangeforming a sustained arc of lightning between you and the target. Make a ranged spell attack against that creature. On a hitthe target takes 1d12 lightning damageand on each of your turns for the durationyou can use your action to deal 1d12 lightning damage to the target automatically. The spell ends if you use your action to do anything else. The spell also ends if the target is ever outside the spell's range or if it has total cover from you. At Higher Levels. When you cast this spell using a spell slot of 2nd level or higherthe initial damage increases by 1d12 for each slot level above 1st.,Warlock
2,Cloud of Daggers,1 action,60 feet,VSM ,Concentrationup to 1 minute,(a sliver of glass) You fill the air with spinning daggers in a cube 5 feet on each sidecentered on a point you choose within range. A creature takes 4d4 slashing damage when it enters the spell's area for the first time on a turn or starts its turn there. At Higher Levels. when you cast this spell using a spell slot of 3rd level or higherthe damage increases by 2d4 for each slot level above 2nd.,Warlock
2,Crown of Madness,1 action,120 feet,VS,Concentrationup to 1 minute, One humanoid of your choice that you can see within range must succeed on a W isdom saving throw or become charmed by you for the duration. While the target is charmed in this waya twisted crown of jagged iron appears on its headand a madness glows in its eyes. The charmed target must use its action before moving on each of its turns to make a melee attack against a creature other than itself that you mentally choose. The target can act normally on its turn if you choose no creature or if none are within its reach. On your subsequent turnsyou must use your action to maintain control over the targetor the spell ends. Alsothe target can make a Wisdom saving throw at the end of each of its turns. On a successthe spell ends.,Warlock
2,Darkness,1 action,60 feet,VM ,Concentrationup to 10 minutes,(bat fur and a drop of pitch or piece of coal) Magical darkness spreads from a point you choose within range to fill a 15-foot radius sphere for the duration. The darkness spreads around corners. A creature with darkvision can't see through this darknessand nonmagical light can't illuminate it. If the point you choose is on an object you are holding or one that isn't being worn or carriedthe darkness emanates from the object and moves with it. Completely covering the source of the darkness with an opaque objectsuch as a bowl or a helmblocks the darkness. If any of this spell's area overlaps with an area of light created by a spell of 2nd level or lowerthe spell that created the light is dispelled.,Warlock
2,Enthrall,1 action,60 feet,VS,1 minute, You weave a distracting string of wordscausing creatures of your choice that you can see within range and that can hear you to make a Wisdom saving throw. Any creature that can't be charmed succeeds on this saving throw automaticallyand if you or your companions are fighting a creatureit has advantage on the save. On a failed savethe target has disadvantage on Wisdom (Perception) checks made to perceive any creature other than you until the spell ends or until the target can no longer hear you. The spell ends if you are incapacitated or can no longer speak.,Warlock
2,Hold Person,1 action,60 feet,VSM ,Concentrationup to 1 minute,(a smallstraight piece of iron) Choose a humanoid that you can see within range. The target must succeed on a Wisdom saving throw or be paralyzed for the duration. At the end of each of its turnsthe target can make another Wisdom saving throw. On a successthe spell ends on the target. At Higher Levels. When you cast this spell using a spell slot of 3rd level or higheryou can target on additional humanoid for each slot level above 2nd. The humanoids must be within 30 feet of each other when you target them.,Warlock
2,Invisibility,1 action,Touch,VSM ,Concentrationup to 1 hour,(an eyelash encased in gum arabic) A creature you touch becomes invisible until the spell ends. Anything the target is wearing or carrying is invisible as long as it is on the target's person. The spell ends for a target that attacks or casts a spell. At Higher Levels. When you cast this spell using a spell slot of 3rd level or higheryou can target one additional creature for each slot level above 2nd.,Warlock
2,Mirror Image,1 action,Self,VS,1 minute, Three illusory duplicates of yourself appear in your space. Until the spell endsthe duplicates move with you and mimic your actionsshifting position so it's impossible to track which image is real. You can use your action to dismiss the illusory duplicates. Each time a creature targets you with an attack during the spell's durationroll a d20 to determine whether the attack instead targets one of your duplicates. If you have three duplicatesyou must roll a 6 or higher to change the attack's target to a duplicate. With two duplicatesyou must roll an 8 or higher. With one duplicateyou must roll an 11 or higher. A duplicate's AC equals 10 + your Dexterity modifier. If an attack hits a duplicatethe duplicate is destroyed. A duplicate can be destroyed only by an attack that hits it. It ignores all other damage and effects. The spell ends when all three duplicates are destroyed. A creature is unaffected by this spell if it can't seeif it relies on senses other than sightsuch as blindsightor if it can perceive illusions as falseas with truesight.,Warlock
2,Misty Step,1 bonus action,Self,V,Instantaneous, Briefly surrounded by silvery mistyou teleport up to 30 feet to an unoccupied space that you can see.,Warlock
2,Ray of Enfeeblement,1 action,60 feet,VS,Concentrationup to 1 minute, A black beam of enervating energy springs from your finger toward a creature within range. Make a ranged spell attack against the target. On a hitthe target deals only half damage with weapon attacks that use Strength until the spell ends. At the end of each of the target's turnsit can make a Constitution saving throw against the spell. On a successthe spell ends. ,Warlock
2,Shatter,1 action,60 feet,VSM ,Instantaneous,(a chip of mica) A sudden loud ringing noisepainfully intenseerupts from a point of your choice within range. Each creature in a 10-foot-radius sphere centered on that point must make a Constitution saving throw. A creature takes 3d8 thunder damage on a failed saveor half as much damage on a successful one. A creature made of inorganic material such as stonecrystalor metal has disadvantage on this saving throw. A nonmagical object that isn't being worn or carried also takes the damage if it's in the spell's area. At Higher Levels. When you cast this spell using a spell slot of 3rd level or higherthe damage increases by 1d8 for each slot level above 2nd.,Warlock
2,Spider Climb,1 action,Touch,VSM ,Concentrationup to 1 hour,(a drop of bitumen and a spider) Until the spell endsone willing creature you touch gains the ability to move updownand across vertical surfaces and upside down along ceilingswhile leaving its hands free. The target also gains a climbing speed equal to its walking speed.,Warlock
2,Suggestion,1 action,30 feet,VM ,Concentrationup to 8 hours,(a snake's tougne and either a bit of honeycomb or a drop of sweet oil) You suggest a course of activity (limited to a sentence or two) and magically influence a creature you can see within range that can hear and understand you. Creatures that can't be charmed are immune to this effect. The suggestion must be worded in such a manner as to make the course of action sound reasonable. Asking the creature to stab itselfthrow itself onto a spearimmolate itselfor do some other obviously harmful act ends the spell. The target must make a Wisdom saving throw. On a failed saveit purses the course of action you described to the best of its ability. The suggested course of action can continue for the entire duration. If the suggested activity can be completed in a shorter timethe spell ends when the subject finishes what it was asked to do. You can also specify conditions that will trigger a special activity during the duration. For exampleyou might suggest that a knight five her warhorse to the first beggar she meets. If the condition isn't met before the spell expiresthe activity isn't preformed. If you or any of your companions damage the targetthe spell ends. ,Warlock
3,Counterspell,1 reaction,60 feet,S,Instantaneous, Reaction: When you see a creature within 60 feet of you casting a spell You attempt to interrupt a creature in the process of casting a spell. If the creature is casting a spell of 3rd level or lowerits spell fails and has no effect. If it is casting a spell of 4th level or highermake an ability check using your spellcasting ability.  The DC equals 10+ the spell's level. On a successthe creature's spell fails and has no effect. At Higher Level. When you cast this spell using a spell slot of 4th leve lor higherthe interrupted spell has no effect if its level is less than or equal to the leve lof the spell slot you used.,Warlock
3,Dispel Magic,1 action,120 feet,VS,Instantaneous, Choose any creatureobjector magical effect within range. Any spell of 3rd level or lower on the target ends. For each spell of 4th level or higher on the targetmake an ability check using your spellcasting ability. The DC equals 10 + the spell's level. On a successful checkthe spell ends. At Higher Levels. When you cast this spell using a spell slot of 4th level or higheryou automatically end the effects of a spell on the target if the spell's level is equal to or less than the level of the spell slot you used.,Warlock
3,Fear,1 action,Self (30-foot cone),VSM ,Concentrationup to 1 minute,(a white feather or the heart of a hen) You project a phantasmal image of a creature's worst fears. Each creature in a 30-foot cone must succeed on a Wisdom saving throw or drop whatever it is holding and become frightened for the duration. While frightened by this spella creature must take the Dash action and move away from you by the safest available route on each of its turnsunless there is nowhere to move. If the creature ends its turn in a location where it doesn't have line of sight to youthe creature can make a Wisdom saving throw. On a successful savethe spell ends for that creature.,Warlock
3,Fly,1 action,Touch,VSM ,Concentrationup to 10 minutes,(a wing feather from any bird) You touch a willing creature. The target gains a flying speed of 60 feet for the duration. When the spell endsthe target falls if it is still aloftunless it can stop the fall. At Higher Levels. When you cast this spell using a spell slot of 4th level or higheryou can target one additional creature for each slot level above 3rd.,Warlock
3,Gaseous Form,1 action,Touch,VSM ,Concentrationup to 1 hour,(a bit of gauze and a wisp of smoke) You transform a willing creature you touchalong with everything it's wearing and carryinginto a misty cloud for the duration. The spell ends if the creature drops to 0 hit points. An incorporeal creature isn't affected. While in this formthe target's only method of movement is a flying speed of 10 feet. The target can enter and occupy the space of another creature. The target has resistance to nonmagical damageand it has advantage on StrengthDexterityand Constitution saving throws. The target can pass through small holesnarrow openeingsand even mere cracksthough it treats liquids as though they were solid surfaces. The target can't fall and remains hovering in the air even when stunned or otherwise incapacitated. While in the form of a misty cloudthe target can't talk or manipulate objectsand any objects it was carrying or holding can't be droppedusedor otherwise interacted with. The target can't attack or cast spells.,Warlock
3,Hunger of Hadar,1 action,150 feet,VSM ,Concentrationup to 1 minute,(a pickled octopus tentacle) You open a gateway to the dark between the starsa region infested with unknown horrors. A 20-foot-radius sphere of blackness and bitter cold appearscentered on a point with range and lasting for the duration. This void is filled with a cacophony of soft whispers and slurping noises that can be heard up to 30 feet away. No lightmagical or otherwisecan illuminate the areaand creatures uflly within the area are blinded. The void creates a warp in the fabric of spaceand the area is difficult terrain. Any creature that starts its turn in the area takes 2d6 cold damage. Any creature that ends its turn in the area must succeed on a Dexterity saving throw or take 2d6 acid damage as milkyotherwordly tentacles rub against it.,Warlock
3,Hypnotic Pattern,1 action,120 feet,SM ,Concentrationup to 1 minute,(a glowing stick o f incense or a crystal vial filled with phosphorescent material) You create a twisting pattern of colors that weaves through the air inside a 30-foot cube within range. The pattern appears for a moment and vanishes. Each creature in the area who sees the pattern must make a Wisdom saving throw. On a failed savethe creature becomes charmed for the duration. While charmed by this spellthe creature is incapacitated and has a speed of 0. The spell ends for an affected creature if it takes any damage or if someone else uses an action to shake the creature out of its stupor.,Warlock
3,Magic Circle,1 minute,10 feet,VSM ,1 hour,(holy water or powdered silver and iron worth at least 100 gpwhich the spell consumes) You create a 10-foot-radius20-foot-tall cylinder of magical energy centered on a point on the ground that you can see within range. Glowing runes appear wherever the cylinder intersects with the floor or other surface. Choose one or more of the following types of creatures: celestialselementalsfeyfiendsor undead. The circle affects a creature of the chosen type in the following ways: * The creature can't willingly enter the cylinder by nonmagical means. If the creature tries to use teleportation or interplanar travel to do soit must first succeed on a Charisma saving throw. * The creature has disadvantage on attack rolls against targets within the cylinder. * Targets within the cylinder can't be charmedfrightenedor possessed by the creature. When you cast this spellyou can elect to cause its magic to operate in the reverse directionpreventing a creature of the specified type from leaving the cylinder and protecting targets outside it. At Higher Levels. When you cast this spell using a spell slot of 4th level or higherthe duration increases by 1 hour for each slot level above 3rd.,Warlock
3,Major Image,1 action,120 feet,VSM ,Concentrationup to 10 minutes,(a bit of fleece) You create the image of an objecta creatureor some other visible phenomenon that is no larger than a 20-foot cube. The image appears at a spot that you can see within range and lasts for the duration. It seems completely realincluding soundssmellsand temperature appropriate to the thing depicted. You can't create sufficient heat or cold to cause damagea sound loud enough to deal thunder damage or deafen a creatureor a smell that might sicken a creature (like a troglodyte's stench). As long as you are within range of the illusionyou can use your action to cause the image to move to any other spot within range. As the image changes locationyou can alter its appearance so that its movements appear natural for the image. For exampleif you create an image of a creature and move ityou can alter the image so that it appears to be walking. Similarlyyou can cause the illusion to make different sounds at different timeseven making it carry on a conversationfor example. Physical interaction with the image reveals it to be an illusionbecause things can pass through it. A creature that uses its action to examine the image can determine that it is an illusion with a successful Intelligence (Investigation) check against your spell save DC. If a creature discerns the illusion for what it isthe creature can see through the imageand its other sensory qualities become faint to the creature. At Higher Levels. When you cast this spell using a spell slot of 6th level or higherthe spell lasts until dispelledwithout requiring your concentration. ,Warlock
3,Remove Curse,1 action,Touch,VS,Instantaneous, At your touchall curses affecting one creature or object end. If the object is a cursed magic itemits curse remainsbut the spell breaks its owner's attunement to the object so it can be removed or discarded. ,Warlock
3,Tongues,1 action,Touch,VM ,1 hour,(a small clay model of a ziggurat) This spell grants the creature you touch the ability to understand any spoken language it hears. Moreoverwhen the target speaksany creature that knows at least one language and can hear the target understands what it says. ,Warlock
3,Vampiric Touch,1 action,Self,VS,Concentrationup to 1 minute,   The touch of your shadow-wreathed hand can siphon force from others to heal your wounds. Make a melee spell attack against a creature within your reach. On a hitthe target takes 3d6 necrotic damageand you regain hit points equal to half the amount of necrotic damage dealt. Until the spell endsyou can make the attack again on each of your turns as an action.   At Higher Levels. When you cast this spell using a spell slot of 4th level or higherthe damage increases by 1d6 for each slot level above 3rd.,Warlock
4,Banishment,1 action,60 feet,VSM ,Concentrationup to 1 minute,(an item distasteful to the target) You attempt to send one creature that you can see within range to another place of existence. The target must succeed on a Charisma saving throw or be banished. If the target is native to the plane of existence you're onyou banish the target to a harmless demiplane. While therethe target is incapacitated. The target remains there until the spell endsat which point the target reappears in the space it left or in the nearest unoccupied space if that space is occupied. If the taret is native to a different plane of existence that the one you're onthe target is banished with a faint popping noisereturning to its home plane. If the spell ends before 1 minute has passedthe target reappears in the space it left or in the nearest unoccupied space if that space is occupied. Otherwisethe target doesn't return. At Higher Levels. When you cast this spell using a spell slot of 5th level or higheryou can target one additional creature for each slot level above 4th.,Warlock
4,Blight,1 action,30 feet,VS,Instantaneous, Necromantic energy washes over a creature of your choice that you can see within rangedraining moisture and vitality from it. The target must make a Constitution saving throw. The target takes 8d8 necrotic damage on a failed saveor half as much damagfe on a successful one. This spell has no effect on undead or constructs. If you target a plant creature or a magical plantit makes the saving throw with disadvantageand the spell deals maximum damage to it. If you target a nonmagical plant that isn't a creaturesuch as a tree or shrubit doesn't make a saving throwit simply withers and dies. At Higer Levels. When you cast this spell using a spell slot of 5th level or higherthe damage increases by 1d8 for each slot level above 4th.,Warlock
4,Dimension Door,1 action,500 feet,V,Instantaneous, You teleport yourself from your current location to any other spot within range. You arrive at exactly the spot desired. It can be a place you can seeone you can visualizeor one you can describe by stating distance and directionsuch as ⫿200 feet straight downward? or ⫿upward to the northwest at a 45-degree angle300 feet.? You can bring along objects as long as their weight doesn't exceed what you can carry. You can also bring one willing creature of your size or smaller who is carrying gear up to its carrying capacity. The creature must be within 5 feet of you when you cast this spell. If you would arrive in a place already occupied by an object or a creatureyou and any creature traveling with you each take 4d6 force damageand the spell fails to teleport you.,Warlock
4,Hallucinatory Terrain,10 minutes,300 feet,VSM ,24 hours,(a stonea twigand a bit of green plant) You make natural terrain in a 150-foot cube in range looksoundand smell like some other sort of natural terrain. Thusopen fields or a road can be made to resemble a swamphillcrevasseor some other difficult or impassable terrain. A pond can be made to seem like a grassy meadowa precipice like a gentle slopeor a rock-strewn gully like a wide and smooth road. Manufactured structuresequipmentand creatures within the area aren't changed in appearance. The tactile characteristics of the terrain are unchangedso creatures entering the area are likely to see through the illusion. If the difference isn't obvious by toucha creature carefully examining the illusion can attempt an Intelligence (Investigation) check against your spell save DC to disbelieve it. A creature who discerns the illusion for what it issees it as a vague image superimposed on the terrain.,Warlock
5,Contact Other Plane (Ritual),1 minute,Self,V,1 minute, You mentally contact a demigodthe spirit of a long-dead sageor some other mysterious entity from another plane. Contacting this extraplanar intelligence can strain or even break your mind. When you cast this spellmake a DC 15 Intelligence saving throw. On a failureyou take 6d6 psychic damage and are insane until you finish a long rest. While insaneyou can't take actionscan't understand what other creatures saycan't readand speak only in gibberish. A greater restoration spell cast on you ends this effect. On a successful saveyou can ask the entity up to five questions. You must ask your questions before the spell ends. The DM answers each question with one wordsuch as ⫿yes? ⫿no? ⫿maybe? ⫿never? ⫿irrelevant? or ⫿unclear? (if the entity doesn't know the answer to the question). If a one-word answer w ould be misleadingthe DM might instead offer a short phrase as an answer.,Warlock
5,Dream,1 minute,Special,VSM ,8 hours,(a handful of sanda dab of inkand a writing quill plucked from a sleeping bird) This spell shapes a creature's dreams. Choose a creature known to you as the target of this spell. The target must be on the same plane of existence as you. Creatures that don't sleepsuch as elvescan't be contacted by this spell. Youor a willing creature you touchenters a trance stateacting as a messenger. While in the trancethe messenger is aware of his or her surroundingsbut can't take actions or move. If the target is asleepthe messenger appears in the target's dreams and can converse with the target as long as it remains asleepthrough the duration of the spell. The messenger can also shape the environment of the dreamcreating landscapesobjectsand other images. The messenger can emerge from the trance at any timeending the effect of the spell early. The target recalls the dream perfectly upon waking. If the target is awake when you cast the spellthe messenger knows itand can either end the trance (and the spell) or wait for the target to fall asleepat which point the messenger appears in the target's dreams. You can make the messenger appear monstrous and terrifying to the target. If you dothe messenger can deliver a message of no more than ten words and then the target must make a Wisdom saving throw. On a failed saveechoes of the phantasmal monstrosity spawn a nightmare that lasts the duration of the target's sleep and prevents the target from gaining any benefit from that rest. In additionwhen the target wakes upit takes 3d6 psychic damage. If you have a body partlock of hairclipping from a nailor similar portion of the target's bodythe target makes its saving throw with disadvantage. ,Warlock
5,Hold Monster,1 action,90 feet,VSM ,Concentrationup to 1 minute,(a smallstraight piece of iron) Choose a creature that you can see within range. The target must succeed on a Wisdom saving throw or be paralyzed for the duration. This spell has no effect on undead. At the end of each of its turnsthe target can make another Wisdom saving throw. On a successthe spell ends on the target. At Higher Levels. When you cast this spell using a spell slot of 6th level or higheryou can target on additional creature for each slot level above 5th. The creatures must be within 30 feet of each other when you target them.,Warlock
5,Scrying,10 minutes,Self,VSM ,Concentrationup to 10 minutes,(a focus worth at least 1000 gpsuch as a crystal balla silver mirroror a font filled with holy water) You can see and hear a particular creature you choose that is on the same plane of existence as you. The target must make a W isdom saving throwwhich is modified by how well you know the target and the sort of physical connection you have to it. If a target knows you're casting this spellit can fail the saving throw voluntarily if it wants to be observed. Knowledge -- Save Modifier Secondhand (you have heard of the target) -- +5 Firsthand (you have met the target) +0 Familiar (you know the target well) -- -5 Connection -- Save Modifier Likeness or picture -- -2 Posession or garment -- -4 Body partlock of hairbit of nailor the like -- -10 On a successful savethe target isn't affectedand you can't use this spell against it again for 24 hours.   On a failed savethe spell creates an invisible sensor within 10 feet of the target. You can see and hear through the sensor as if you w ere there. The sensor moves with the targetremaining within 10 feet of it for the duration. A creature that can see invisible objects sees the sensor as a luminous orb about the size of your fist.   Instead of targeting a creatureyou can choose a location you have seen before as the target of this spell. When you dothe sensor appears at that location and doesn't move.,Warlock
6,Arcane Gate,1 action,500 feet,VS,Concentrationup to 10 minutes,    You create linked teleportation portals that remain open for the duration. Choose two points on the ground that you can seeone point within 10 feet of you and one point within 500 feet of you. A circular portal10 feet in diameteropens over each point. If the portal would open in the space occupied by a creaturethe spell failsand the casting is lost.    The portals are two-dimensional glowing rings filled with misthovering inches from the ground and perpendicular to it at the points you choose. A ring is visible only from one side (your choice)which is the side that functions as a portal.    Any creature or object entering the portal exits from the other portal as if the two were adjacent to each otherpassing through a portal from the nonportal side has no effect. The mist that fills each portal is opaque and blocks vision through it. On your turnyou can rotate the rings as a bonus action so that the active side faces in a different direction.,Warlock
6,Circle of Death,1 action,150 feet,VSM ,Instantaneous,(the powder of a crushed black pearl worth at least 500 gp) A sphere of negative energy ripples out in a 60-foot-radius sphere from a point within range. Each creature in that area must make a Constitution saving throw. A target takes 8d6 necrotic damage on a failed saveor half as much damage on a successful one. At Higher Levels. When you cast this spell using a spell slot of 7th level or higherthe damage increases by 2d6 for each slot level above 6th.,Warlock
6,Conjure Fey,1 minute,90 feet,VS,Concentrationup to 1 hour, You summon a fey creature of challenge rating 6 or loweror a fey spirit that takes the form of a beast of challenge rating 6 or lower. It appears in an unoccupied space that you can see within range. The fey creature disappears when it drops to 0 hit points or when the spell ends. The fey creature is friendly to you and your companions for the duration. Roll initiative for the creaturewhich has its own turns. It obeys any verbal commands that you issue to it (no action required by you)as long as they don't violate its alignment. If you don't issue any commands to the fey creatureit defends itself from hostile creatures but otherwise takes no actions. If your concentration is brokenthe fey creature doesn't disappear. Insteadyou lose control of the fey creatureit becomes hostile toward you and your companionsand it might attack. An uncontrolled fey creature can't be dismissed by youand it disappears 1 hour after you summoned it. The DM has the fey creature's statistics. At Higher Levels. When you cast this spell using a spell slot of 7th level or higherthe challenge rating increases by 1 for each slot level above 6th.,Warlock
6,Create Undead,1 minute,10 feet,VSM ,Instantaneous,(one clay pot filled with grave dirtone clay pot filled with brackish waterand one 150 gp black onyx stone for each corpse.) You can cast this spell only at night. Choose up to three corpses of Medium or Small humanoids within range. Each corpse becomes a ghoul under your control. (The DM has game statistics for these creatures.) As a bonus action on each of your turnsyou can mentally command any creature you animated with this spell if the creature is within 120 feet of you (if you control multiple creaturesyou can command any or all of them at the same timeissuing the same command to each one). You decide what action the creature w ill take and where it will move during its next turnor you can issue a general commandsuch as to guard a particular chamber or corridor. If you issue no commandsthe creature only defends itself against hostile creatures. Once given an orderthe creature continues to follow it until its task is complete. The creature is under your control for 24 hoursafter which it stops obeying any command you have given it. To maintain control of the creature for another 24 hoursyou must cast this spell on the creature before the current 24-hour period ends. This use of the spell reasserts your control over up to three creatures you have animated with this spellrather than animating new ones. At Higher Levels. When you cast this spell using a 7th-level spell slotyou can animate or reassert control over four ghouls. When you cast this spell using an 8th-level spell slotyou can animate or reassert control over five ghouls or two ghasts or wights. When you cast this spell using a 9th-level spell slotyou can animate or reassert control over six ghoulsthree ghasts or wightsor two mummies.,Warlock
6,Eyebite,1 action,Self,VS,Concentrationup to 1 minute, For the spell's durationyour eyes become an inky void imbued with dread power. One creature of your choice within 60 feet of you that you can see must succeed on a Wisdom saving throw or be affected by one of the following effects of your choice for the duration. On each of your turns until the spell endsyou can use your action to target another creature but can't target a creature again if it has succeeded on a saving throw against this casting of eyebite. Asleep. The target galls unconscious. It wakes up if it takes any damage or if another creature uses its action to shake the sleeper awake. Panicked. The target is frightened of you. On each of its turnsthe frightened creature must take the Dash action and move away from you by the safest and shortest available routeunless there is nowhere to move. If the target moves to a place at least 60 feet away from you where it can no longer see youthis effect ends. Sickened. The target has disadvantage on attack rolls and ability checks. At the end of each of its turnsit can make another Wisdom saving throw. If it succeedsthe effect ends.,Warlock
6,Flesh to Stone,1 action,60 feet,VSM ,Concentrationup to 1 minute,(a pinch of limewaterand earth) You attempt to turn one creature that you can see within range into stone. If the targets body is made of fleshthe creature must make a Constitution saving throw. On a failed saveit is restrained as its flesh begins to harden. On a successful savethe creature isn't affected. A creature restrained by this spell must make another Consititution saving throw at the end of each of its turns. If it successfully saves against this spell three timesthe spell ends. If it fails saves three timesit is turned to stone and subjected to the petrified condition for the duration. The successes and failures don't need to be consecutivekeep track of both until the target collects three of a kind. If the creature is physically broken while petrifiedit suffers from similar deformities if it reverts to its original state. If you maintain your concentration on this spell for the entire possible durationthe creature is turned to stone until the effect is removed.,Warlock
6,Mass Suggestion,1 action,60 feet,VM ,24 hours,(a snake's tongue and either a bit of honeycomb or a drop of sweet oil)    You suggest a course of activity (limited to a sentence or two) and magically influence up to twelve creatures of your choice that you can see within range and that can hear and understand you. Creatures that can't be charmed are immune to this effect. The suggestion must be worded in such a manner as to make the course of action sound reasonable. Asking the creature to stab itselfthrow itself onto a spearimmolate itselfor do some other obviously harmful act automatically negates the effect of the spell.    Each target must make a Wisdom saving throw. On a failed saveit pursues the course of action you described to the best of its ability. The suggested course of action can continue for the entire duration. If the suggested activity can be completed in a shorter timethe spell ends w hen the subject finishes what it w as asked to do.    You can also specify conditions that w ill trigger a special activity during the duration. For exampleyou might suggest that a group of soldiers give all their money to the first beggar they meet. If the condition isn't met before the spell endsthe activity isn't performed.    If you or any of your companions damage a creature affected by this spellthe spell ends for that creature. At Higher Levels. When you cast this spell using a 7th-level spell slotthe duration is 10 days. When you use an 8th-level spell slotthe duration is 30 days. When you use a 9th-level spell slotthe duration is a year and a day. ,Warlock
6,True Seeing,1 action,Touch,VSM ,1 hour,(an ointment for the eyes that costs 25 gpis made from mushroom powdersaffronand fatand is consumed by the spell) This spell gives the willing creature you touch the ability to see things as they actually are. For the durationthe creature has truesightnotices secret doors hidden by magicand can see into the Ethereal Planeall out to a range of 120 feet.,Warlock
7,Etherealness,1 action,Self,VS,Up to 8 hours, You step into the border regions of the Ethereal Planein the area where it overlaps with your current plane. You remain in the Border Ethereal for the duration or until you use your action to dismiss the spell. During this timeyou can move in any direction. If you move up or downevery foot of movement costs an extra foot. You can see and hear the plan you originated frombut everything there looks grayand you can't see anything more than 60 feet away. While on the Ethereal Planeyou can only affect and be affected by other creatures on that plane. Creatures that aren't on the Ethereal Plance can't perceive you and can't interact with youunless a special ability or magic has given them the ability to do so. You ignore all objects and effects that aren't on the Ethereal Planeallowing you to move through objects you perceive on the plan you originated from. When the spell endsyou immediately return to the plane you originiated from in teh spot you currently occupy. If you occupy the same spot as a solid object or creature when this happensyou are imediately shunted to the neares unoccupied space that you can occupy and take force damage equal to twice the number of feet you are moved. This spell has no effect if you cast it while you are on the Ethereal Plane or a plane that doesn't border itsuch as one of the Outer Planes. At Higher Levels. When you cast this spell using a spell slot of 8th level or higheryou can target up to three willing creatures (including you) for each slot level above 7th. The creatures must be within 10 feet of you when you cast the spell.,Warlock
7,Finger of Death,1 action,60 feet,VS,Instantaneous, You send negative energy coursing through a creature that you can see within rangecausing it searing pain. The target must make a Constitution saving throw. It takes 7d8 + 30 necrotic damage on a failed saveor half as much damage on a successful one. A humanoid killed by this spell rises at the start of your next turn as a zombie that is permanently under your commandfollowing your verbal orders to the best of its ability.,Warlock
7,Forcecage,1 action,100 feet,VSM ,1 hour,(ruby dust worth 1500 gp) An immobileinvisiblecube-shaped prison composed of magical force springs into existence around an area you choose within range. The prison can be a cage or a solid box as you choose. A prison in the shape of a cage can be up to 20 feet on a side and is made from 1/2-inch diameter bars spaced 1/2 inch apart. A prison in the shape of a box can be up to 10 feet on a sidecreating a solid barrier that prevents any matter from passing through it and blocking any spells cast into or out of the area. When you cast the spellany creature that is completely inside the cage's area is trapped. Creatures only partially within the areaor those too large to fit inside the areaare pushed away from the center of the area until they are completely outside the area. A creature inside the cage can't leave it by nonmagical means. If the creature tries to use teleportation or interplanar travel to leave the cageit must first make a Charisma saving throw. On a successthe creature can use that magic to exit the cage. On a failurethe creature can't exit the cage and wastes the use of the spell or effect. The cage also extends into the Ethereal Planeblocking ethereal travel. This spell can't be dispelled by dispel magic.,Warlock
7,Plane Shift,1 action,Touch,VSM ,Instantaneous,(a forkedmetal rod worth at least 250 gpatttuned to a particular plane of existence) You and up to eight willing creatures who link hands in a circle are transported to a different plane of existence. You can specify a target destination in general termssuch as the City of Brass on the Elemental Plane of Fire or the palace of Dispater on the second level of the Nine Hellsand you appear in or near that destination. If you are trying to reac the City of Brassfor exampleyou might arrive in its Street of Steelbefore its Gate of Ashesor looking at the city from across the Sea of Fireat the DM's discretion. Alternativelyif you know the sigil sequence of a teleportation circle on another plane of existencethis spell can take you to that circle. If the teleportation circle is too small to hold all the creatures you transportedthey appear in the closest unoccupied spaces next to the circle. You can use this spell to banish an unwilling creature to another plane. Choose a creature within your reach and make a melee spell attack against it. On a hitthe creature must make a Charisma saving throw. If the creature fails the saveit is transported to a random location on the plane of existence you specify. A creature so transported must find its own way back to your current plane of existence.,Warlock
8,Demiplane,1 action,60 feet,S,1 hour, You create a shadowy door on a flat solid surface that you can see within range. The door is large enough to allow Medium creatures to pass through unhindered. When openedthe door leads to a demiplane that appears to be an empty room 30 feet in each dimensionmade of wood or stone. When the spell endsthe door disappearsand any creatures or objects inside the demiplane remain trapped thereas the door also disappears from the other side. Each time you cast this spellyou can create a new demiplaneor have the shadowy door connect to a demiplane you created with a previous casting of this spell. Additionallyif you know the nature and contents of a demiplane created by a casting of  this spell by another creatureyou can have the shadowy door connect to its demiplane instead.  ,Warlock
8,Dominate Monster,1 action,60 feet,VS,Concentrationup to 1 hour, You attempt to beguile a creature that you can see within range. It must succeed on a Wisdom saving throw or be charmed by you for the duration. If you or creatures that are friendly to you are fighting itit has advantage on the saving throw. While the creature is charmedyou have a telepathic link with it as long as the two of you are on the same plane of existence. You can use this telepathic link to issue commands to the creature while you are conscious (no action required)which it does its best to obey. You can specify a simple and general course of actionsuch as ⫿Attack that creature? ⫿Run over there? or ⫿Fetch that object.? If the creature completes the order and doesn't receive further direction from youit defends and preserves itself to the best of its ability. You can use your action to take total and precise control of the target. Until the end of your next turnthe creature takes only the actions you chooseand doesn't do anything that you don't allow it to do. During this timeyou can also cause the creature to use a reactionbut this requires you to use your own reaction as well. Each time the target takes damageit makes a new Wisdom saving throw against the spell. If the saving throw succeedsthe spell ends. At Higher Levels. When you cast this spell with a 9th-level spell slotthe duration is concentrationup to 8 hours. ,Warlock
8,Feeblemind,1 action,150 feet,VSM ,Instantaneous,(a handful of claycrystalglassor mineral spheres) You blast the mind of a creature that you can see within rangeattempting to shatter its intellect and personality. The target takes 4d6 psychic damage and must make an Intelligence saving throw. On a failed savethe creature's Intelligence and Charisma scores become 1. The creature can't cast spellsactivate magic itemsunderstand languageor communicate in any intelligible way. The creature canhoweveridentify its friendsfollow themand even protect them. At the end of every 30 daysthe creature can repeat its saving throw against this spell. If it succeeds on its saving throwthe spell ends. The spell can also be ended by greater restorationheal or wish.,Warlock
8,Glibness,1 action,Self,V,1 hour, Until the spell endswhen you make a Charisma checkyou can replace the number you roll with a 15. Additionallyno matter what you saymagic that would determine if you are telling the truth indicates that you are being truthful.,Warlock
8,Power Word Stun,1 action,60 feet,V,Instantaneous, You speak a word of power that can overwhelm the mind of one creature you can see within rangeleaving it dumbfounded. If the target has 150 hit points or fewerit is stunned. Otherwisethe spell has no effect. The stunned target must make a Constitution saving throw at the end of each of its turns. On a successful savethis stunning effect ends.,Warlock
9,Astral Projection,1 hour,10 feet,VSM ,Special,(for each creature you affect with this spellyou must provide one jacinth worth at least 1000 gp and one ornately carved bar of silver worth at least 100 gpall of which the spell consumes)    You and up to eight willing creatures within range project your astral bodies into the Astral Plane (the spell fails and the casting is wasted if you are already on that plane). The material body you leave behind is unconscious and in a state of suspended animationit doesn't need food or air and doesn't age.    Your astral body resembles your mortal form in almost every wayreplicating your game statistics and possessions. The principal difference is the addition of a silvery cord that extends from between your shoulder blades and trails behind youfading to invisibility after 1 foot. This cord is your tether to your material body. As long as the tether remains intactyou can find your way home. If the cord is cut?something that can happen only when an effect specifically states that it does?your soul and body are separatedkilling you instantly. Your astral form can freely travel through the Astral Plane and can pass through portals there leading to any other plane. If you enter a new plane or return to the plane you were on when casting this spellyour body and possessions are transported along the silver cordallowing you to re-enter your body as you enter the new plane. Your astral form is a separate incarnation. Any damage or other effects that apply to it have no effect on your physical bodynor do they persist when you return to it.    The spell ends for you and your companions when you use your action to dismiss it. When the spell endsthe affected creature returns to its physical bodyand it awakens.        The spell might also end early for you or one of your companions. A successful dispel magic spell used against an astral or physical body ends the spell for that creature. If a creature's original body or its astral form drops to 0 hit pointsthe spell ends for that creature. If the spell ends and the silver cord is intactthe cord pulls the creature's astral form back to its bodyending its state of suspended animation.    If you are returned to your body prematurelyyour companions remain in their astral forms and must find their own way back to their bodiesusually by dropping to 0 hit points.  ,Warlock
9,Foresight,1 minute,Touch,VSM ,8 hours,(a hummingbird feather) You touch a willing creature and bestow a limited ability to see into the immediate future. For the durationthe target can't be surprised and has advantage on attack rollsability checksand saving throws. Additionallyother creatures have disadvantage on attack rolls against the target for the duration. This spell immediately ends if you cast it again before its duration ends.,Warlock
9,Imprisonment,1 minute,30 feet,VSM ,Until dispelled,(a vellum depiction or a carved statuette in the likeness of the targetand a special component that varies according to the version of the spell you chooseworth at least 500 gp per Hit Die of the target) You create a magical restraint to hold a creature that you can see within range. The target must succeed on a Wisdom saving throw or be bound by the spellif it succeedsit is immune to this spell if you cast it again. While affected by this spellthe creature doesn't need to breatheeator drinkand it doesn't age. Divination spells can't locate or perceive the target. When you cast the spellyou choose one of the following forms of imprisonment. Burial. The target is entombed far beneath the earth in a sphere of magical force that is just large enough to contain the target. Nothing can pass through the spherenor can any creature teleport or use planar travel to get into or out of it. The special component for this version of the spell is a small mithral orb. Chaining. Heavy chainsfirmly rooted in the groundhold the target in place. The target is restrained until the spell endsand it can't move or be moved by any means until then.  The special component for this version of the spell is a fine chain of precious metal. Hedged Prison. The spell transports the target into a tiny demiplane that is warded against teleportation and planar travel. The demiplane can be a labyrintha cagea toweror any similar confined structure or area of your choice. The special component for this version of the spell is a miniature representation of the prison made from jade. Minimus Containment. The target shrinks to a height of 1 inch and is imprisoned inside a gemstone or similar object. Light can pass through the gemstone normally (allowing the target to see out and other creatures to see in)but nothing else can pass througheven by means of teleportation or planar travel. The gemstone can't be cut or broken while the spell remains in effect. The special component for this version of the spell is a largetransparent gemstonesuch as a corundumdiamondor ruby. Slumber. The target falls asleep and can't be awoken. The special component for this version of the spell consists of rare soporific herbs. Ending the Spell. During the casting of the spellin any of its versionsyou can specify a condition that will cause the spell to end and release the target. The condition can be as specific or as elaborate as you choosebut the DM must agree that the condition is reasonable and has a likelihood of coming to pass. The conditions can be based on a creature's nameidentityor deity but otherwise must be based on observable actions or qualities and not based on intangibles such as levelclassor hit points. A dispel magic spell can end the spell only if it is cast as a 9th-level spelltargeting either the prison or the special component used to create it. You can use a particular special component to create only one prison at a time. If you cast the spell again using the same componentthe target of the first casting is immediately freed from its binding.,Warlock
9,Power Word Kill,1 action,60 feet,V,Instantaneous, You utter a word of power that can compel one creature you can see within range to die instantly. If the creature you chose has 100 hit points or fewerit dies. Otherwisethe spell has no effect.,Warlock
9,True Polymorph,1 action,30 feet,VSM ,Concentrationup to 1 hour,(a drop of mercurya dollop of gum arabicand a wisp of smoke) Choose one creature or nonmagical object that you can see within range. You transform the creature into a different creaturethe creature into an objector the object into a creature (the object must be neither worn nor carried by another creature). The transformation lasts for the durationor until the target drops to 0 hit points or dies. If you concentrate on this spell for the full durationthe transformation becomes permanent. Shapechangers aren't affected by this spell. An unwilling creature can make a Wisdom saving throwand if it succeedsit isn't affected by this spell.  Creature into Creature. If you turn a creature into another kind of creaturethe new form can be any kind you choose whose challenge rating is equal to or less than the target's (or its levelif the target doesn't have a challenge rating). The target's game statisticsincluding mental ability scoresare replaced by the statistics of the new form. It retains its alignment and personality. The target assumes the hit points of its new formand when it reverts to its normal formthe creature returns to the number of hit points it had before it transformed. If it reverts as a result of dropping to 0 hit pointsany excess damage carries over to its normal form. As long as the excess damage doesn't reduce the creature's normal form to 0 hit pointsit isn't knocked unconscious. The creature is limited in the actions it can perform by the nature of its new formand it can't speakcast spellsor take any other action that requires hands or speech unless its new form is capable of such actions. The target's gear melds into the new form. The creature can't activateusewieldor otherwise benefit from any of its equipment. Object into Creature. You can turn an object into any kind of creatureas long as the creature's size is no larger than the object's size and the creature's challenge rating is 9 or lower. The creature is friendly to you and your companions. It acts on each of your turns. You decide what action it takes and how it moves. The DM has the creature's statistics and resolves all of its actions and movement. If the spell becomes permanentyou no longer control the creature. It might remain friendly to youdepending on how you have treated it.  Creature into Object. If you turn a creature into an objectit transforms along with whatever it is wearing and carrying into that form. The creature's statistics become those of the objectand the creature has no memory of time spent in this formafter the spell ends and it returns to its normal form. ,Warlock
1,Faerie Fire,1 action,60 feet,V,Concentrationup to 1 minute, Each object in a 20-foot cube within range is outlined in bluegreenor violet light (your choice). Any creature in the area when the spell is cast is also outlined in light if it fails a Dexterity saving throw. For the durationobjects and affected creatures shed dim light in a 10-foot radius. Any attack roll against an affected creature or object has advantage if the attacker can see itand the affected creature or object can't benefit from being invisible.,Warlock (Archfey)
1,Sleep,1 action,90 feet,VSM ,1 minute,(a pinch of find sandrose petalsor a cricket) This spell sends creatures into a magical slumber. Roll 5d8the total is how many hit points of creatures this spell can affect. Creatures within 20 feet ofa point you choose within range are affected in ascending order of their current hit points (ignoring unconscious creatures). Starting with the creature that has the lowest current hit pointseach creature affected by this spell falls unconscious until the spell endsthe sleeper takes damageor someone uses an action to shake or slap the sleeper awake. Subtract each creature's hit points from the total before moving on to the creature with the next lowest hit points. A creature's hit points must be equal to or less than the remaining total for that creature to be affected. Undead and creatures immune to being charmed aren't affected by this spell. At Higher Levels. When you cast this spell using a spell slot of 2nd level or higherroll an additional 2d8 for each slot level above 1st.,Warlock (Archfey)
2,Calm Emotions,1 action,60 feet,VS,Concentrationup to 1 minute, You attempt to suppress strong emotions in a group of people. Each humanoid in a 20-foot-radius sphere centered on a point you choose within range must make a Charisma saving throwa creature can choose to fail this saving throw if it wishes. If a creature fails its saving throwchoose one of the following two effects. You can suppress any effect causing a target to be charmed or frightened. When this spell endsany suppressed effect resumesprovided that its duration has not expired in the meantime. Alternativelyyou can make a target indifferent about creatures of your choice that it is hostile toward. This indifference ends if the target is attacked or harmed by a spell or if it witnesses any of its friends being harmed. When the spell endsthe creature becomes hostile againunless the DM rules otherwise.,Warlock (Archfey)
2,Phantasmal Force,1 action,60 feet,VSM ,Concentrationup to 1 minute,(a bit of fleece) You craft an illusion that takes root in the mind of a creature that you can see within range. The target must make an Intelligence saving throw. On a failed saveyou create a phantasmal objectcreatureor other visible phenomenon of your choice that is no larger than a 10-foot cube and that is perceivable only to the target for the duration. This spell has no effect on undead or constructs. The phantasm includes soundtemperatureand other stimulialso evident only to the creature. The target can use its action to examine the phantasm with an Intelligence (Investigation) check against your spell save DC. If the check succeedsthe target realizes that the phantasm is an illusionand the spell ends. While a target is affected by the spellthe target treats the phantasm as if it were real. The target rationalizes any illogical outcomes from interacting with the phantasm. For examplea target attempting to walk across a phantasmal bridge that spans a chasm falls once it steps onto the bridge. If the target survives the fallit still believes that the bridge exists and comes up with some other explanation for its fall?it w as pushedit slippedor a strong wind might have knocked it off. An affected target is so convinced of the phantasm's reality that it can even take damage from the illusion. A phantasm created to appear as a creature can attack the target. Similarlya phantasm created to appear as firea pool of acidor lava can burn the target. Each round on your turnthe phantasm can deal 1d6 psychic damage to the target if it is in the phantasm's area or within 5 feet of the phantasmprovided that the illusion is of a creature or hazard that could logically deal damagesuch as by attacking. The target perceives the damage as a type appropriate to the illusion.,Warlock (Archfey)
3,Blink,1 action,Self,VS,1 minute, Roll a d20 at the end of each of your turns for the duration of the spell. On a roll of 11 or higheryou vanish from your current plane of existence and appear in the Etheral Plane (the spell fails and the casting is wasted if you were already on that plane). At the start of you next turnand when the spell ends if you are on the Etheral Planeyou return to an unoccupied space of your choice that you can see within 10 feet of the space you vanished from. If no unoccupied space is available within that rangyou appear in the nearest unoccupied space (chosen at random if more that one space is equally near). You can dismiss this spell as an action. While on the Ethereal Planeyou can see and hear the plane you originated fromwhich is cast in shades of grayand you can't see anything more than 60 feet away.You can only affect and be affected by other reatures on the Ethereal Plane. Creature that aren't there can't perceive you or interact with youunless they have the ability to do so.,Warlock (Archfey)
3,Plant Growth,1 action or 8 hours,150 feet,VS,Instantaneous, This spell channels vitality into plants within a specific area. There are two possible uses for the spellgranting either immediate or long-term benefits. If you cast this spell using 1 actionchoose a point within range. All normal plants in a 100-foot radius centered on that point become thick and overgrown. A creature moving through the area must spend 4 feet of movement for every 1 foot it moves. You can exclude one or more areas of any size within the spell's area from being affected. If you cast this spell over 8 hoursyou enrich the land. All plants in a half-mile radius centered on a point within range become enriched for 1 year. The plants yield twice the normal amount of food when harvested.,Warlock (Archfey)
4,Dominate Beast,1 action,60 feet,VS,Concentrationup to 1 minute, You attempt to beguile a beast that you can see within range. It must succeed on a W isdom saving throw or be charmed by you for the duration. If you or creatures that are friendly to you are fighting itit has advantage on the saving throw. While the beast is charmedyou have a telepathic link with it as long as the two of you are on the same plane of existence. You can use this telepathic link to issue commands to the creature while you are conscious (no action required)which it does its best to obey. You can specify a simple and general course of actionsuch as ⫿Attack that creature? ⫿Run over there? or ⫿Fetch that object.? If the creature completes the order and doesn't receive further direction from youit defends and preserves itself to the best of its ability. You can use your action to take total and precise control of the target. Until the end of your next turnthe creature takes only the actions you chooseand doesn't do anything that you don't allow it to do. During this timeyou can also cause the creature to use a reactionbut this requires you to use your own reaction as well. Each time the target takes damageit makes a new Wisdom saving throw against the spell. If the saving throw succeedsthe spell ends. At Higher Levels. W hen you cast this spell with a 5th-level spell slotthe duration is concentrationup to 10 minutes. When you use a 6th-level spell slotthe duration is concentrationup to  1 hour. When you use a spell slot of 7th level or higherthe duration is concentrationup to 8 hours.,Warlock (Archfey)
4,Greater Invisibility,1 action,Touch,VS,Concentrationup to 1 minute, You or a creature you touch becomes invisible until the spell ends. Anything the target is wearing or carrying is invisible as long as it is on the target's person.,Warlock (Archfey)
5,Dominate Person,1 action,60 feet,VS,Concentrationup to 1 minute, You attempt to beguile a humanoid that you can see within range. It must succeed on a Wisdom saving throw or be charmed by you for the duration. If you or creatures that are friendly to you are fighting itit has advantage on the saving throw. While the target is charmedyou have a telepathic link with it as long as the two of you are on the same plane of existence. You can use this telepathic link to issue commands to the creature while you are conscious (no action required)which it does its best to obey. You can specify a simple and general course of actionsuch as ??ttack that creature????un over there??or ??etch that object.??If the creature completes the order and doesn't receive further direction from youit defends and preserves itself to the best of its ability. You can use your action to take total and precise control of the target. Until the end of your next turnthe creature takes only the actions you chooseand doesn't do anything that you don't allow it to do. During this time you can also cause the creature to use a reactionbut this requires you to use your own reaction as well. Each time the target takes damageit makes a new Wisdom saving throw against the spell. If the saving throw succeedsthe spell ends. At Higher Levels. When you cast this spell using a 6th-level spell slotthe duration is concentrationup to 10 minutes. When you use a 7th-level spell slotthe duration is concentrationup to 1 hour. When you use a spell slot of 8th level or higherthe duration is concentrationup to 8 hours. ,Warlock (Archfey)
5,Seeming,1 action,30 feet,VS,8 hours, This spell allows you to change the appearance of any number of creatures that you cna see within range. You give each target you choose a newillusory appearance. An unwilling target can make a Charisma saving throwand if it succeedsit is unaffected by this spell. The spell disguises physicial appearances as well as clothingarmorweaponsand equipment. You can make each creature seem 1 foot shorter or taller and appear thinfator inbetween. You can't change a target's body typeso you must choose a form that has the same basic arrangement of limbs. Otherwisethe extent of the illusion is up to you. The spell lasts for the durationunless you use your action to dismiss it sooner. The changes wrought by this spell fail to hold up to physical inspections. For exampleif you use this spell to add a hat to a creature's outfitm objects pass through the hatand anyone who touches it would feel nothing or would feel the creature's head and hair. If you use this spell to appear thinner then you arethe hand of someone who reaches out to touch you would bump into you while it was seemingly still in midair. A creature can use its action to inspect a target and make an Intelligence (Investigation) check against your spell save DC. If it succeedsit becomes aware that the target is disguised.,Warlock (Archfey)
1,Burning Hands,1 action,Self (15-foot cone),VS,Instantaneous, As you hold your hands with thumbs touching and fingers spreada thin sheet of flames shoots forth from your outstretched fingertips. Each creature in a 15-foot cone must make a Dexterity saving throw. A creature takes 3d6 fire damage on a failed saveor half as much damage on a successful one. The fire ignites any flammable objects in the area that aren't being worn or carried. At Higher Levels. When you cast this spell using a spell slot of 2nd level or higherthe damage increases by 1d6 for each slot level above 1st.  ,Warlock (Fiend)
1,Command,1 action,60 feet,V,1 round, You speak a one-word command to a creature you can see within range. The target must succeed on a Wisdom saving throw or follow the command on its next turn. The spell has no effect if the target is undeadif it doesn't understand your languageor if your command is directly harmful to it.  Some typical commands and their effects follow. You might issue a command other than one described here. If you do sothe DM determines how the target behaves. If the target can't follow your commandthe spell ends.  Approach. The target moves toward you by the shortest and most direct routeending its turn if it moves within 5 feet of you.  Drop. The target drops whatever it is holding and then ends its turn.  Flee. The target spends its turn moving away from you by the fastest available means.  Grovel. The target falls prone and then ends its turn.  Halt. The target doesn't move and takes no actions. A flying creature stays aloftprovided that it is able to do so. If it must move to stay aloftit flies the minimum distance needed to remain in the air.  At Higher Levels. When you cast this spell using a spell slot of 2nd level or higheryou can affect one additional creature for each slot level above 1st. The creatures must be within 30 feet of each other when you target them.,Warlock (Fiend)
2,Blindness/Deafness,1 action,30 feet,V,1 minute, You can blind or deafen a foe. Choose one creature that you can see within range to make a Constitution saving throw. If it failsthe target is either blinded or deafened (your choice) for the duration. At the end of each of its turnsthe target can make a Constitution saving throw. On a successthe spell ends. At Higher Levels. When you cast this spell using a spell slot of 3rd or higheryou can taget one additiona creature for each slot level above 2nd.,Warlock (Fiend)
2,Scorching Ray,1 action,120 feet,VS,Instantaneous, You create three rays of fire and hurl them at targets within range. You can hurl them at one target or several. Make a ranged spell attack for each ray. On a hitthe target takes 2d6 fire damage. At Higher Levels. When you cast this spell using a spell slot of 3rd level or higheryou create one additional ray for each slot level above 2nd.,Warlock (Fiend)
3,Fireball,1 action,150 feet,VSM ,Instantaneous,(a tiny ball of bat guana and sulfur) A bright streak flashes from your pointing finger to a point you choose within range then blossoms with a low roar into an explosion of flame. Each creature in a 20-foot radius must make a Dexterity saving throw. A target takes 8d6 fire damage on a failed saveor half as much damage on a successful one. The fire spreads around corners. It ignites flammable objects in the area that aren't being worn or carried. At Higher Levels. When you cast this spell using a spell slot of 4th level of higherthe damage increases by 1d6 for each slot level above 3rd.,Warlock (Fiend)
3,Stinking Cloud,1 action,90 feet,VSM ,Concentrationup to 1 minute,(a rotten egg or several skunk cabbage leaves) You create a 20-foot-radius sphere of yellownauseating gas centered on a point within range. The cloud spreads around cornersand its area is heavily obscured. The cloud lingers in the air for the duration. Each creature that is completely within the cloud at the start of its turn must make a Constitution saving throw against poison. On a failed savethe creature spends its action that turn retching and reeling. Creatures taht don't need to breathe or are immune to poison automatically succeed on this saving throw. A moderate wind (at least 10 miles per hour) disperses the cloud after 4 rounds. A strong wind (at least 20 miles per hour) disperses it after 1 round.,Warlock (Fiend)
4,Fire Shield,1 action,Self,VSM ,10 minutes,(a bit of phosphorous or a firefly) Thin and wispy flames wreathe your body for the durationshedding bright light in a 10-foot radius and dim light for an additional 10 feetYou can end the spell early by using an action to dismiss it. The flames provide you with a warm shield or a chill shieldas you choose. The warm shield grants you resistance to cold damageand the chill shield grants you resistance to fire damage. In additionwhenever a creature within 5 feet of you hits you with a melee attackthe shield erupts with flame. The attacker takes 2d8 fire damage from a warm shieldor 2d8 cold damage from a cold shield.,Warlock (Fiend)
4,Wall of Fire,1 action,120 feet,VSM ,Concentrationup to 1 minute,(a small piece of phosphorus) You create a wall of fire on a solid surface within range. You can make the wall up to 60 feet long20 feet highand 1 foot thinkor a ringed wall up to 20 feet in diameter20 feet highand 1 foot think. The wall is opaque and lasts for the duration.   When the wall appearseach creature within its area must make a Dexterity saving throw. On a failed savea creature takes 5d8 fire damageor half as much damage on a successful save.   One side of the wallselected by you when you cast this spelldeals 5d8 fire damage to each creature that ends its turn within 10 feet of that side or inside the wall. A creature takes the same damage when it enters the wall fo rhte first time on a turn or ends its turn there. The other side of the wall deals no damage.   At Higher Levels. When you cast this spell using a spell slot of 5th level or higherthe damage increases by 1d8 for each slot level above 4th.,Warlock (Fiend)
5,Flame Strike,1 action,60 feet,VSM ,Instantaneous,(pinch of sulfur) A vertical column of divine fire roars down from the heavens in a location you specify. Each creature in a 10-foot radius40-foot-high cylinder centered on a point within range must make a Dexterity saving throw. A creature takes 4d6 fire damage and 4d6 radiant damage on a failed saveor half as much damage on a successful one. At Higher Levels. When you cast this spell using a spell slot of 6th level or higherthe fire damage or the radiant damage (your choice) inceases by 1d6 for each slot level above 5th.,Warlock (Fiend)
5,Hallow,24 hours,Touch,VSM ,Until dispelled,(herbsoilsand incense worth at least 1000 gpwhich the spell consumes) You touch a point and infuse an area around it with holy (or unholy) power. The area can have a radius up to 60 feetand the spell fails if the radius includes an area already under the effect a hallow spell. The affected area is subject to the following effects. Firstcelestialselementalsfeyfiendsand undead can't enter the areanor can such creatures charmfrightenor possess creatures within it. Any creature charmedfrightenedor possessed by such a creature is no longer charmedfrightenedor possessed upon entering the area. You can exclude one or more of those types of creatures from this effect. Secondyou can bind an extra effect to the area. Choose the effect from the following listor choose an effect offered by the DM. Som e of these effects apply to creatures in the areayou can designate whether the effect applies to all creaturescreatures that follow a specific deity or leaderor creatures of a specific sortsuch as ores or trolls. When a creature that would be affected enters the spell's area for the first time on a turn or starts its turn thereit can make a Charisma saving throw. On a successthe creature ignores the extra effect until it leaves the area. Courage. Affected creatures can't be frightened while in the area. Darkness. Darkness fills the area. Normal lightas well as magical light created by spells of a lower level than the slot you used to cast this spellcan't illuminate the area. Daylight. Bright light fills the area. Magical darkness created by spells of a lower level than the slot you used to cast this spell can't extinguish the light. Energy Protection. Affected creatures in the area have resistance to one damage type of your choiceexcept for bludgeoningpiercingor slashing. Energy Vulnerability. Affected creatures in the area have vulnerability to one damage type of your choiceexcept for bludgeoningpiercingor slashing. Everlasting Rest. Dead bodies interred in the area can't be turned into undead. Extradimensional Interference. Affected creatures can't move or travel using teleportation or by extradimensional or interplanar means. Fear. Affected creatures are frightened while in the area. Silence. No sound can emanate from within the areaand no sound can reach into it. Tongues. Affected creatures can communicate with any other creature in the areaeven if they don't share a common language.,Warlock (Fiend)
1,Dissonant Whispers,1 action,60 feet,V,Instantaneous, You whisper a discordant melody that only one creature of your choice within range can hearwracking it with terrible pain. The target must make a Wisdom saving throw. On a failed saveit takes 3d6 psychic damage and must immediately use its reactionif availableto move as far as its speed allows away from you. The creature doesn't move into obviously dangerous groundsuch as a fire or a pit. On a successful savethe target takes half as much damage and doesn't have to move away. A deafened creature automatically succeeds on the save. At Higher Levels. When you cast this spell using a spell slot of 2nd level or higherthe damage increases by 1d6 for each slot level above 1st.,Warlock (Great Old One)
1,Tasha's Hideous Laugher,1 action,30 feet,VSM,Concentrationup to 1min,(tiny tarts and a feather that waved in the air) A creature of your choise that can see within range perceives everything as hilariously funne and falls into fits of laugher if this spell affects it. The target must succeed on a Wisdom saving throw of fall pronebecoming incapacitated and unable to stabd up for the duration. A creature with an Intelligence score of 4 or less isn't affected.<br>At the end of each of its turnsand each time it takes damagethe target can make another Wisdom saving throw. The target has advantage on the saving throw if it's triggered by damage. On a successthe spell ends.,Warlock (Great Old One)
2,Detect Thoughts,1 action,Self,VSM ,Concentrationup to 1 minute,(a copper piece) For the durationyou can read the thoughts of certain creatures. When you cast the spell and as your action on each turn until the spell endsyou can focus your mind on any one creature that you can see within 30 feet of you. If the creature you choose has an Intelligence of 3 or lower or doesn't speak any languagethe creature is unaffected. You initially learn the surface thoughts of the creature - what is most on its mind in that moment. As an actionyou can either shift your attention to another creature's thoughts or attempt to probe deeper into the same creature's mind. If you probe deeperthe target must make a Wisdom saving throw. If it failsyou gain insight into its reasoning (if any)its emotional stateand something that looms large in its mind (such as something it worries overlovesor hates). If it succeedsthe spell ends. Either waythe target knows that you are probing into its mindand unless you shift your attention to another creatures thoughtsthe creature can use its action on its turn to make an Intelligence check contested by your Intelligence checkif it succeedsthe spell ends. Questions verbally directed at the target creature naturally shape the course of its thoughtsso this spell is particularly effective as part of an interrogation. You can also use this spell to detect the presence of thinking creatures you can't see. When you cast the spell or as your action during the durationyou can search for thoughts within 30 feet of you. The spell can penetrate barriersbut 2 feet of rock2 inches of any metal other than leador a thin sheet of lead blocks you. You can't detect a creature with an Intelligence of 3 or lower or one that doesn't speak any language. Once you detect the presence of a creature in this wayyou can read its thoughts for the rest of the duration as described aboveeven if you can't see itbut it must still be within range.,Warlock (Great Old One)
2,Phantasmal Force,1 action,60 feet,VSM ,Concentrationup to 1 minute,(a bit of fleece) You craft an illusion that takes root in the mind of a creature that you can see within range. The target must make an Intelligence saving throw. On a failed saveyou create a phantasmal objectcreatureor other visible phenomenon of your choice that is no larger than a 10-foot cube and that is perceivable only to the target for the duration. This spell has no effect on undead or constructs. The phantasm includes soundtemperatureand other stimulialso evident only to the creature. The target can use its action to examine the phantasm with an Intelligence (Investigation) check against your spell save DC. If the check succeedsthe target realizes that the phantasm is an illusionand the spell ends. While a target is affected by the spellthe target treats the phantasm as if it were real. The target rationalizes any illogical outcomes from interacting with the phantasm. For examplea target attempting to walk across a phantasmal bridge that spans a chasm falls once it steps onto the bridge. If the target survives the fallit still believes that the bridge exists and comes up with some other explanation for its fall?it w as pushedit slippedor a strong wind might have knocked it off. An affected target is so convinced of the phantasm's reality that it can even take damage from the illusion. A phantasm created to appear as a creature can attack the target. Similarlya phantasm created to appear as firea pool of acidor lava can burn the target. Each round on your turnthe phantasm can deal 1d6 psychic damage to the target if it is in the phantasm's area or within 5 feet of the phantasmprovided that the illusion is of a creature or hazard that could logically deal damagesuch as by attacking. The target perceives the damage as a type appropriate to the illusion.,Warlock (Great Old One)
3,Clairvoyance,10 minutes,1 mile,VSM ,Concentrationup to 10 minutes,(a focus worth at least 100 gpeither a jeweled horn for hearing or a glass eye for scrying) You create an invisible sensor within range in a location familiar to you (a place you have visited or seen before) or in an obvious location that is unfamiliar to you (such as behind a dooraround a corneror in a grove of trees). The sensor remains in place for the durationand it can't be attacked or otherwise interacted with. When you cast the spellyou choose seeing or hearing. You can use the chosen sense through the sensor as if you were in its space. As your actionyou can switch between seeing and hearing. A creature that can see the sensor (such as a creature benefitting from see invisibility or truesight) sees a luminousintangible orb about the size of your fist.,Warlock (Great Old One)
3,Sending,1 action,Unlimited,VSM ,1 round,(A short piece of fine copper wire) You send a short message of twenty-five words or less to a creature with you are familiar. The creature hears the message in its mindregonizes you as the sender if it knows youand can answer in a like manner immediately. The spell enables creatures with Intelligence scores of at least 1 to understand the meaning of your message. You can send the message across any distance and even to other planes of existencebut if the target is on a different plane than youthere is a 5 percent chance that the message doesn't arrive.,Warlock (Great Old One)
4,Dominate Beast,1 action,60 feet,VS,Concentrationup to 1 minute, You attempt to beguile a beast that you can see within range. It must succeed on a W isdom saving throw or be charmed by you for the duration. If you or creatures that are friendly to you are fighting itit has advantage on the saving throw. While the beast is charmedyou have a telepathic link with it as long as the two of you are on the same plane of existence. You can use this telepathic link to issue commands to the creature while you are conscious (no action required)which it does its best to obey. You can specify a simple and general course of actionsuch as ??ttack that creature????un over there??or ??etch that object.??If the creature completes the order and doesn't receive further direction from youit defends and preserves itself to the best of its ability. You can use your action to take total and precise control of the target. Until the end of your next turnthe creature takes only the actions you chooseand doesn't do anything that you don't allow it to do. During this timeyou can also cause the creature to use a reactionbut this requires you to use your own reaction as well. Each time the target takes damageit makes a new Wisdom saving throw against the spell. If the saving throw succeedsthe spell ends. At Higher Levels. W hen you cast this spell with a 5th-level spell slotthe duration is concentrationup to 10 minutes. When you use a 6th-level spell slotthe duration is concentrationup to  1 hour. When you use a spell slot of 7th level or higherthe duration is concentrationup to 8 hours.,Warlock (Great Old One)
4,Evard's Black Tentacles,1 action,90 feet,VSM ,Concentrationup to 1 minute,(a piece of tentacle from a giant octopus or a giant squid) Squirmingebony tentacles fill a 20-foot square on ground that you can see within range. For the durationthese tentacles turn the ground in the area into difficult terrain. When a creature enters the afected area for the first time on a turn or starts its turn therethe creature must succeed on a Dexterity saving throw or take 3d6 bludgeoning damage and be restrained by the tentacles until the spell ends. A creature that starts its turn in the area and is already restrained by the tentacles takes 3d6 bludgeoning damage. A creature restrained by the tentacles can use its action to make a Strength or Dexterity check (its choice) against your spell save DC. On a successit frees itself.,Warlock (Great Old One)
5,Dominate Person,1 action,60 feet,VS,Concentrationup to 1 minute, You attempt to beguile a humanoid that you can see within range. It must succeed on a Wisdom saving throw or be charmed by you for the duration. If you or creatures that are friendly to you are fighting itit has advantage on the saving throw. While the target is charmedyou have a telepathic link with it as long as the two of you are on the same plane of existence. You can use this telepathic link to issue commands to the creature while you are conscious (no action required)which it does its best to obey. You can specify a simple and general course of actionsuch as ⫿Attack that creature? ⫿Run over there? or ⫿Fetch that object.? If the creature completes the order and doesn't receive further direction from youit defends and preserves itself to the best of its ability. You can use your action to take total and precise control of the target. Until the end of your next turnthe creature takes only the actions you chooseand doesn't do anything that you don't allow it to do. During this time you can also cause the creature to use a reactionbut this requires you to use your own reaction as well. Each time the target takes damageit makes a new Wisdom saving throw against the spell. If the saving throw succeedsthe spell ends. At Higher Levels. When you cast this spell using a 6th-level spell slotthe duration is concentrationup to 10 minutes. When you use a 7th-level spell slotthe duration is concentrationup to 1 hour. When you use a spell slot of 8th level or higherthe duration is concentrationup to 8 hours. ,Warlock (Great Old One)
5,Telekinesis,1 action,60 feet,VS,Concentrationup to 10 minutes, You gain the ability to move or manipulate creatures or objects by thought. When you cast the spelland as your action each round for the durationyou can exert your will on one creature or object that you can see within rangecausing the appropriate effect below. You can affect the same target round after roundor choose a new one at any time. If you switch targetsthe prior target is no longer affected by the spell. Creature. You can try to move a Huge or smaller creature. Make an ability check with your spellcasting ability contested by the creature's Strength check. If you win the contestyou move the creature up to 30 feet in any directionincluding upward but not beyond the range of this spell. Until the end of your next turnthe creature is restrained in your telekinetic grip. A creature lifted upward is suspended in mid-air. On subsequent roundsyou can use your action to attempt to maintain your telekinetic grip on the creature by repeating the contest.   Object. You can try to move an object that weighs up to 1000 pounds. If the object isn't being worn or carriedyou automatically move it up to 30 feet in any directionbut not beyond the range of this spell. If the object is worn or carried by a creatureyou must make an ability check with your spellcasting ability contested by that creature's Strength check. If you succeedyou pull the object away from that creature and can move it up to 30 feet in any direction but not beyond the range of this spell. You can exert fine control on objects with your telekinetic gripsuch as manipulating a simple toolopening a door or a containerstowing or retrieving an item from an open containeror pouring the contents from a vial.,Warlock (Great Old One)